{"0": {
    "doc": "Materials at UT",
    "title": "Materials in the UT-Austin Libraries’ Collection",
    "content": "Selected Books . | Ba, Sylvia Washington. The Concept of Negritude in the Poetry of Leopold Sedar Senghor. Princeton Legacy Library 1727. Princeton, NJ: Princeton University Press, 2015. https://doi.org/10.1515/9781400867134. | Kennedy, Ellen Conroy. The Negritude Poets: An Anthology of Translations from the French. New York: Viking Press, 1975. | Lewis, Shireen K. Race, Culture, and Identity: Francophone West African and Caribbean Literature and Theory from Négritude to Créolité. Caribbean Studies. Lanham: Lexington Books, 2006. | Miller, F. Bart. Rethinking Négritude through Léon-Gontran Damas. Francopolyphonies 16. Amsterdam: Editions Rodopi B.V., 2014. Piquion, René. Les “trois grands” de la négritude. Port-au-Prince, Haïti: Impr. Henri Deschamps, 1959. | Rabaka, Reiland. The Negritude Movement: W.E.B. Du Bois, Leon Damas, Aime Cesaire, Leopold Senghor, Frantz Fanon, and the Evolution of an Insurgent Idea. Critical Africana Studies. Lanham, Maryland: Lexington Books, 2015. | Sharpley-Whiting, T. Denean. Negritude Women. Minneapolis: University of Minnesota Press, 2002. | Thiam, Cheikh. Return to the Kingdom of Childhood: Re-Envisioning the Legacy and Philosophical Relevance of Negritude. Columbus: The Ohio State University Press, 2014. | Vaillant, Janet G. Black, French, and African: A Life of Léopold Sédar Senghor. Reprint 2014. Cambridge, MA: Harvard University Press, 2014. https://doi.org/10.4159/harvard.9780674864528. | Wilder, Gary. Freedom Time: Negritude, Decolonization, and the Future of the World. Amsterdam, The Netherlands: Duke University Press, 2015. http://ebookcentral.proquest.com/lib/utxa/detail.action?docID=1882937. | . Selected Articles . | Bongie, Chris. “Aesthetics, Politics, and the Return of Negritude.” Comparative Literature 69, no. 2 (2017): 238–49. https://doi.org/10.1215/00104124-3865423. | Camara, Gamby Diagne. “Faces of Blackness: The Creation of the New Negro and Négritude Movements in Harlem and Paris.” Journal of Black Studies 51, no. 8 (2020): 846–64. https://doi.org/10.1177/0021934720948737. | Diagne, Souleymane Bachir. “In Praise of the Post-Racial: Negritude Beyond Negritude.” Third Text 24, no. 2 (2010): 241–48. https://doi.org/10.1080/09528821003722249. | Galafa, Beaton. “Negritude in Anti-Colonial African Literature Discourse.” The Journal of Pan African Studies 12, no. 4 (2018): 287–98. | Miller, Christopher L. “The (Revised) Birth of Negritude: Communist Revolution and ‘the Immanent Negro’ in 1935.” PMLA : Publications of the Modern Language Association of America 125, no. 3 (2010): 743–49. https://doi.org/10.1632/pmla.2010.125.3.743. | Schmidt, Simone Pereira. “Women, Negritude and the Construction of a Transnational Modernity.” Estudos Feministas 27, no. 1 (2019). https://doi.org/10.1590/1806-9584-2019v27n158957. | . ",
    "url": "http://localhost:4000/utmaterials/#materials-in-the-ut-austin-libraries-collection",
    "relUrl": "/utmaterials/#materials-in-the-ut-austin-libraries-collection"
  },"1": {
    "doc": "Materials at UT",
    "title": "Materials at UT",
    "content": " ",
    "url": "http://localhost:4000/utmaterials/",
    "relUrl": "/utmaterials/"
  },"2": {
    "doc": "Online Resources",
    "title": "Online Resources",
    "content": ". | Liberation Journals Index An analytic, searchable, online index covering the interwar Pan-African periodicals La Revue du Monde Noir, Légitime Défense, L’Étudiant Noir, the wartime Tropiques, and the postwar Présence Africaine, as well as the Québécois journal Liberté. From the Brown University Libraries. | LibGuide on Negritude from Bennington College . | Negritude at the Stanford Encyclopedia of Philosophy . | The Women of Négritude at the Journal of the History of Ideas Blog . | A Brief Guide to Negritude from poets.org . | LibGuide on Frantz Fanon from George Washington University | . ",
    "url": "http://localhost:4000/onlineresources/#online-resources",
    "relUrl": "/onlineresources/#online-resources"
  },"3": {
    "doc": "Online Resources",
    "title": "Online Resources",
    "content": " ",
    "url": "http://localhost:4000/onlineresources/",
    "relUrl": "/onlineresources/"
  },"4": {
    "doc": "Key Figures",
    "title": "Key Figures",
    "content": "Paulette Nardal . | | Paulette Nardal, a French writer and journalist from Martinique, was highly influential on the Négritude movement. Her work in the newspapers La Dépêche Africaine and La Revue du Monde Noir inspired the founders of l'Étudiant Noir, the first paper to use the term Negritude. Her literary salon, Le Salon de Clamart, was also important for the development of the movement. Her translations of Harlem Renaissance writers helped introduce their literature to French audiences. | . For further reading: . | In Search of Seven Sisters: A Biography of the Nardal Sisters of Martinique | Paulette Nardal: Martinican Women as Political Protagonists in the Overseas Department | Black Like That: Paulette Nardal and the Negritude Salon | In Black and White: Gender, Race Relations, and the Nardal Sisters in Interwar Paris | . Aimé Césaire . | | Césaire was a French poet and politician who was one of the founding members of the Negritude movement. In addition to coining the term négritude, he had a long political career and published numerous poetic works. While initially a member of the French Communist Party, he later resigned his membership and founded the Parti Progressiste Martiniquais. | . For further reading: . | Discourse on Colonialism | Aimé Césaire: The Collected Poetry | Aimé Césaire by Gregson Davis | Videos of and Relating to Aime Cesaire | . Abdoulaye Sadji . | | Sajdi was a Senegalese writer and teacher who was a founding member of Negritude. He published two novels, Maïmouna: petite fille noire (1953) and Nini, mulâtresse du Sénégal (1954), in addition to numerous short stories. | . For further reading: . | Maïmouna, roman | Nini, roman | Tounka, nouvelle | . Léopold Sédar Senghor . | | In addition to being the first president of Senegal, Senghor was a poet and cultural theorist who was one of the founders of Negritude. He was the first African elected as a member of the Académie française. | . For further reading: . | Poésie complète : édition critique | Léopold Sédar Senghor, présentation par Armand Guibert | Hommage à Léopold Sédar Senghor, textes réunis par Max Yves Brandily | Negritude, Eurocentrism, and African Agency: For an Africentered Renaissance of Léopold Sédar Senghor’s Philosophy | The Concept of Negritude in the Poetry of Leopold Sedar Senghor | . Léon-Gontran Damas . | | Damas was a French poet and politican who was one of the founding members of the Negritude movement. He sometimes published using the pseudonym Lionel Georges André Cabassou. In addition to his poetic work, he served as the contributing editor of Présence Africaine and was elected to the French National Assembly from 1948 to 1951 as a deputy from French Guiana. | . For further reading: . | Black-Label: Poèmes | Rethinking Négritude through Léon-Gontran Damas | Critical Perspectives on Léon-Gontran Damas | Anthologies, Ontologies, and Hauntologies: Resurrecting Léon-Gontran Damas | . Frantz Fanon . | | Fanon was a psychiatrist and political philosopher from Martinique whose work often addressed Negritude. He particularly celebrated the possibilities of the Negritude movement in resisting and healing the harm done by colonial cultures and politics. | . For further reading: . | Black Skin, White Masks | Frantz Fanon by Pramod K. Nayar. | Frantz Fanon and négritude Movement: How Strategic Essentialism Subverts Manichean Binaries | ‘I Am My Own Foundation’: Frantz Fanon as a Source of Continued Political Embarrassment | . Birago Diop . | | Diop was a Senegalese poet, diplomat, and veterinarian whose work was central to the Negritude movement. He was also an avid collector and reworker of African folktales. | . For further reading: . | Leurres et lueurs: poèmes | La plume raboutée: mémoires | Contes choisis, compiled by Birago Diop | Birago Diop’s Poetic Contribution to the Ideology of Negritude | . ",
    "url": "http://localhost:4000/keyfigures/#key-figures",
    "relUrl": "/keyfigures/#key-figures"
  },"5": {
    "doc": "Key Figures",
    "title": "Key Figures",
    "content": " ",
    "url": "http://localhost:4000/keyfigures/",
    "relUrl": "/keyfigures/"
  },"6": {
    "doc": "Home",
    "title": "Home",
    "content": ". Welcome! . This website collects resources and information on the Negritude movement, an anti-colonial cultural and political movement founded in Paris in the 1930s. The movement, developed mainly by francophone intellectuals, writers, and politicians of the African diaspora, aimed at cultivating and promoting Black art, culture, and consciousness as a form of resistance against colonialism and racism. We invite you to explore the site to learn more about this important historical movement. The site was designed by UT-Austin Global Studies GRA Jyotsna Vempati. The content was written and researched by Ian Goodale, European Studies Librarian at the University of Texas at Austin. ",
    "url": "http://localhost:4000/home/",
    "relUrl": "/home/"
  },"7": {
    "doc": "About",
    "title": "About",
    "content": "Following the October Revolution in 1917 and the Bolshevik seizure of power in Russia, the library system in Russia was put under the influence of the Communist Party. Nadezhda Krupskaya, deputy education commissar and wife of Vladimir Lenin, spearheaded Bolshevik reforms and reorganization of the library system in Russia, and used her theories of librarianship, heavily influenced by Marxist-Leninism and the concept of partiinost’, to create a library system that served the interests of the new Soviet state. This website aims to collect resources on Krupskaya and Soviet librarianship in a centralized place, so that it can be used as an educational tool for those who wish to learn more about the history of Russian librarianship after the October Revolution. The site is managed by Ian Goodale, European Studies Librarian at the University of Texas at Austin. ",
    "url": "http://localhost:4000/about/#about",
    "relUrl": "/about/#about"
  },"8": {
    "doc": "About",
    "title": "About",
    "content": " ",
    "url": "http://localhost:4000/about/",
    "relUrl": "/about/"
  }
}
